序号,一级分类,二级分类,接口名称,接口路径
1,,,接口更新日志,https://apidoc.lingxing.com/#/docs/ApiUpdateLog
2,,,Token生成测试,https://apidoc.lingxing.com/#/docs/TestToken/Token
3,,,接口签名生成测试,https://apidoc.lingxing.com/#/docs/TestSign/signature
4,,,在线请求测试,https://apidoc.lingxing.com/#/docs/TestRequest/TestRequest
5,接入指引,,API信息的查询与配置,https://apidoc.lingxing.com/#/docs/Guidance/AppID
6,接入指引,,领星 API 接入指南,https://apidoc.lingxing.com/#/docs/Guidance/newInstructions
7,接入指引,,常见问题案例,https://apidoc.lingxing.com/#/docs/Guidance/QA
8,接入指引,,全局错误码说明,https://apidoc.lingxing.com/#/docs/Guidance/ErrorCode
9,常见场景,,库存双向同步,https://apidoc.lingxing.com/#/docs/Case/InventorySync
10,常见场景,,STA货件流程说明,https://apidoc.lingxing.com/#/docs/Case/staProcessNew
11,授权,,获取接口令牌-access_token,https://apidoc.lingxing.com/#/docs/Authorization/GetToken
12,授权,,续约接口令牌,https://apidoc.lingxing.com/#/docs/Authorization/RefreshToken
13,基础数据,,查询亚马逊市场列表,https://apidoc.lingxing.com/#/docs/BasicData/AllMarketplace
14,基础数据,,查询亚马逊国家下地区列表,https://apidoc.lingxing.com/#/docs/BasicData/WorldStateLists
15,基础数据,,查询亚马逊店铺列表,https://apidoc.lingxing.com/#/docs/BasicData/SellerLists
16,基础数据,,查询亚马逊概念店铺列表,https://apidoc.lingxing.com/#/docs/BasicData/ConceptSellerLists
17,基础数据,,批量修改店铺名称,https://apidoc.lingxing.com/#/docs/BasicData/SellerBatchRename
18,基础数据,,查询ERP用户信息列表,https://apidoc.lingxing.com/#/docs/BasicData/AccoutLists
19,基础数据,,查询汇率,https://apidoc.lingxing.com/#/docs/BasicData/Currency
20,基础数据,,修改我的汇率,https://apidoc.lingxing.com/#/docs/BasicData/ExchangeRateUpdate
21,基础数据,,下载附件,https://apidoc.lingxing.com/#/docs/BasicData/AttachmentDownload
22,基础数据,,下载定制化附件,https://apidoc.lingxing.com/#/docs/BasicData/CustomAttachmentDownload
23,基础数据,,获取国家下的州、省编码,https://apidoc.lingxing.com/#/docs/BasicData/StateList
24,销售,Listing,查询亚马逊Listing,https://apidoc.lingxing.com/#/docs/Sale/Listing
25,销售,Listing,批量分配Listing负责人,https://apidoc.lingxing.com/#/docs/Sale/UpdatePrincipal
26,销售,Listing,批量添加/编辑Listing配对,https://apidoc.lingxing.com/#/docs/Sale/Productlink
27,销售,Listing,批量修改Listing价格,https://apidoc.lingxing.com/#/docs/Sale/pricingSubmit
28,销售,Listing,批量获取Listing费用,https://apidoc.lingxing.com/#/docs/Sale/GetPrices
29,销售,Listing,查询Listing标记标签列表,https://apidoc.lingxing.com/#/docs/Sale/queryListingRelationTagList
30,销售,Listing,查询Listing标签列表,https://apidoc.lingxing.com/#/docs/Sale/globalTagPageList
31,销售,Listing,添加Listing标签,https://apidoc.lingxing.com/#/docs/Sale/globalTagAddTag
32,销售,Listing,删除Listing标签,https://apidoc.lingxing.com/#/docs/Sale/globalTagRemoveTag
33,销售,Listing,FBA费差异-异常订单-订单,https://apidoc.lingxing.com/#/docs/Sale/fbaFeeDifferenceList
34,销售,Listing,FBA费差异-异常订单-MSKU,https://apidoc.lingxing.com/#/docs/Sale/fbaFeeDifferenceMskuList
35,销售,Listing,查询Listing操作日志列表,https://apidoc.lingxing.com/#/docs/Sale/listingOperateLogPageList
36,销售,Listing,修改B2B价格,https://apidoc.lingxing.com/#/docs/Sale/b2bPriceModifyPrice
37,销售,Listing,Listing新增商品标签,https://apidoc.lingxing.com/#/docs/Sale/AddGoodsTag
38,销售,Listing,Listing删除商品标签,https://apidoc.lingxing.com/#/docs/Sale/DeleteGoodsTag
39,销售,Listing,修改FBM库存&amp;处理时间,https://apidoc.lingxing.com/#/docs/Sale/UpdateFbmInventory
40,销售,Listing,解除Listing配对,https://apidoc.lingxing.com/#/docs/Sale/UnlinkListing
41,销售,Listing,查询调价队列,https://apidoc.lingxing.com/#/docs/Sale/adjustPriceAdjustPriceManual
42,销售,刊登管理,刊登流程说明,https://apidoc.lingxing.com/#/docs/Sale/PublishHelper
43,销售,刊登管理,查询 Amazon 根分类,https://apidoc.lingxing.com/#/docs/Sale/PublishManageCategoryRoot
44,销售,刊登管理,查询 Amazon 子分类,https://apidoc.lingxing.com/#/docs/Sale/PublishManageCategoryChildren
45,销售,刊登管理,获取指定 productType 的 JSON Schema,https://apidoc.lingxing.com/#/docs/Sale/PublishManageGetProductType
46,销售,刊登管理,获取运费模板,https://apidoc.lingxing.com/#/docs/Sale/GetMerchantShippingGroup
47,销售,刊登管理,提交商品资料,https://apidoc.lingxing.com/#/docs/Sale/ProductPublish
48,销售,刊登管理,查询刊登结果,https://apidoc.lingxing.com/#/docs/Sale/ProductList
49,销售,平台订单,查询亚马逊订单列表,https://apidoc.lingxing.com/#/docs/Sale/Orderlists
50,销售,平台订单,查询亚马逊订单详情,https://apidoc.lingxing.com/#/docs/Sale/OrderDetail
51,销售,平台订单,更新订单备注,https://apidoc.lingxing.com/#/docs/Sale/ScOrderSetRemark
52,销售,平台订单,查询亚马逊多渠道订单列表v2,https://apidoc.lingxing.com/#/docs/Sale/MCFOrderList
53,销售,平台订单,查询亚马逊多渠道订单详情-商品信息,https://apidoc.lingxing.com/#/docs/Sale/ProductInformation
54,销售,平台订单,查询亚马逊多渠道订单详情-物流信息,https://apidoc.lingxing.com/#/docs/Sale/LogisticsInformation
55,销售,平台订单,查询亚马逊多渠道订单详情-退货换货信息,https://apidoc.lingxing.com/#/docs/Sale/ReturnInfomation
56,销售,平台订单,创建亚马逊多渠道订单,https://apidoc.lingxing.com/#/docs/Sale/FbaCreateOrder
57,销售,平台订单,查询售后订单列表,https://apidoc.lingxing.com/#/docs/Sale/afterSaleList
58,销售,平台订单,取消多渠道订单,https://apidoc.lingxing.com/#/docs/Sale/cancelOrder
59,销售,平台订单,查询多渠道订单-交易明细,https://apidoc.lingxing.com/#/docs/Sale/MutilChannelTransactionDetail
60,销售,自发货管理,查询亚马逊自发货订单列表,https://apidoc.lingxing.com/#/docs/Sale/FBMOrderList
61,销售,自发货管理,查询亚马逊自发货订单详情,https://apidoc.lingxing.com/#/docs/Sale/FBMOrderDetail
62,销售,自发货管理,亚马逊订单提交标发,https://apidoc.lingxing.com/#/docs/Sale/SubmitFulfillment
63,销售,自发货管理,查询亚马逊标发结果,https://apidoc.lingxing.com/#/docs/Sale/GetFulfillmentResult
64,销售,自发货管理,导入面单,https://apidoc.lingxing.com/#/docs/Sale/UploadTracking
65,销售,促销管理,查询促销活动列表-优惠券,https://apidoc.lingxing.com/#/docs/Sale/promotionalActivitiesCouponList
66,销售,促销管理,查询促销活动列表-秒杀,https://apidoc.lingxing.com/#/docs/Sale/promotionalActivitiesSecKillList
67,销售,促销管理,查询促销活动列表-管理促销,https://apidoc.lingxing.com/#/docs/Sale/promotionalActivitiesManageList
68,销售,促销管理,查询促销活动列表-会员折扣,https://apidoc.lingxing.com/#/docs/Sale/promotionalActivitiesVipDiscountList
69,销售,促销管理,查询优惠券详情+listing+订单(批量),https://apidoc.lingxing.com/#/docs/Sale/promotionCouponAllDetailBatch
70,销售,促销管理,查询管理促销详情+listing+订单(批量),https://apidoc.lingxing.com/#/docs/Sale/promotionManagementAllDetailBatch
71,销售,促销管理,查询会员折扣or价格折扣详情+listing+订单(批量),https://apidoc.lingxing.com/#/docs/Sale/promotionPrimeDiscountAllDetailBatch
72,销售,促销管理,查询秒杀详情+listing+订单(批量),https://apidoc.lingxing.com/#/docs/Sale/promotionSecKillAllDetailBatch
73,销售,促销管理,查询商品折扣列表,https://apidoc.lingxing.com/#/docs/Sale/promotionListingList
74,销售,促销管理,查询商品折扣详情-列表-优惠卷,https://apidoc.lingxing.com/#/docs/Sale/promotionListingDetailCoupon
75,销售,促销管理,查询商品折扣详情-列表-管理促销,https://apidoc.lingxing.com/#/docs/Sale/promotionListingDetailManage
76,销售,促销管理,查询商品折扣详情-列表-会员折扣,https://apidoc.lingxing.com/#/docs/Sale/promotionListingDetailPrimeDiscount
77,销售,促销管理,查询商品折扣详情-列表-秒杀,https://apidoc.lingxing.com/#/docs/Sale/promotionListingDetailSecKill
78,FBA,发货计划,查询FBA发货计划,https://apidoc.lingxing.com/#/docs/FBA/ShipmentPlanLists
79,FBA,发货计划,创建FBA发货计划,https://apidoc.lingxing.com/#/docs/FBA/CreateShipmentPlan
80,FBA,发货计划,编辑FBA发货计划,https://apidoc.lingxing.com/#/docs/FBA/UpdatePlanLists
81,FBA,发货单,查询FBA发货单列表,https://apidoc.lingxing.com/#/docs/FBA/GetInboundShipmentList
82,FBA,发货单,查询FBA发货单详情,https://apidoc.lingxing.com/#/docs/FBA/getInboundShipmentListMwsDetail
83,FBA,发货单,批量查询FBA发货单详情,https://apidoc.lingxing.com/#/docs/FBA/GetInboundShipmentListMwsDetailList
84,FBA,发货单,生成待发货的发货单,https://apidoc.lingxing.com/#/docs/FBA/createReadySendOrder
85,FBA,发货单,生成已发货的发货单,https://apidoc.lingxing.com/#/docs/FBA/CreateSendedOrder
86,FBA,发货单,发货单创建接口结果查询,https://apidoc.lingxing.com/#/docs/FBA/searchProcessResult
87,FBA,发货单,发货单分配库存,https://apidoc.lingxing.com/#/docs/FBA/ShipmentLockStock
88,FBA,发货单,发货单释放库存,https://apidoc.lingxing.com/#/docs/FBA/outboundOrderReleaseStock
89,FBA,发货单,FBA发货单发货,https://apidoc.lingxing.com/#/docs/FBA/SendGoods
90,FBA,发货单,编辑发货单,https://apidoc.lingxing.com/#/docs/FBA/updateInboundShipmentListMws
91,FBA,发货单,删除发货单,https://apidoc.lingxing.com/#/docs/Warehouse/DeleteFbaShipmentList
92,FBA,发货单,作废发货单,https://apidoc.lingxing.com/#/docs/FBA/InvalidShipmentSn
93,FBA,发货单,更新发货单物流信息,https://apidoc.lingxing.com/#/docs/FBA/updateListLogistics
94,FBA,发货单,更新发货单自定义成本,https://apidoc.lingxing.com/#/docs/FBA/UpdateCustomCost
95,FBA,发货单,获取发货单头程物流-承运商信息,https://apidoc.lingxing.com/#/docs/FBA/GetSeaTrackSupplierCarriers
96,FBA,发货单,获取发货单头程物流-其他费类型,https://apidoc.lingxing.com/#/docs/FBA/GetHeadLogisticsFeeTypes
97,FBA,FBA货件（STA）,创建STA任务,https://apidoc.lingxing.com/#/docs/FBA/CreateSTATask
98,FBA,FBA货件（STA）,查询包装组,https://apidoc.lingxing.com/#/docs/FBA/ListPackingGroupItems
99,FBA,FBA货件（STA）,保存装箱信息,https://apidoc.lingxing.com/#/docs/FBA/SavePackingInfomation
100,FBA,FBA货件（STA）,提交装箱信息,https://apidoc.lingxing.com/#/docs/FBA/SubPackingInformation
101,FBA,FBA货件（STA）,生成货件方案,https://apidoc.lingxing.com/#/docs/FBA/GenerateShipmentPlan
102,FBA,FBA货件（STA）,查询货件方案,https://apidoc.lingxing.com/#/docs/FBA/ShipmentPreView
103,FBA,FBA货件（STA）,查询货件方案的装箱信息,https://apidoc.lingxing.com/#/docs/FBA/getInboundPackingBoxInfo
104,FBA,FBA货件（STA）,确认货件方案,https://apidoc.lingxing.com/#/docs/FBA/ConfirmShipmentPlan
105,FBA,FBA货件（STA）,生成承运方式,https://apidoc.lingxing.com/#/docs/FBA/GenerateTransportList
106,FBA,FBA货件（STA）,生成可选送达时间,https://apidoc.lingxing.com/#/docs/FBA/GenerateDeliveryDateList
107,FBA,FBA货件（STA）,查询承运方式,https://apidoc.lingxing.com/#/docs/FBA/GetTransportList
108,FBA,FBA货件（STA）,查询可选送达时间,https://apidoc.lingxing.com/#/docs/FBA/GetDeliveryDateList
109,FBA,FBA货件（STA）,提交送达时间,https://apidoc.lingxing.com/#/docs/FBA/SubDeliveryTime
110,FBA,FBA货件（STA）,提交货件配送服务,https://apidoc.lingxing.com/#/docs/FBA/SubShipmentDistributionService
111,FBA,FBA货件（STA）,上传货件跟踪号,https://apidoc.lingxing.com/#/docs/FBA/UploadShipmentTrackingNumber
112,FBA,FBA货件（STA）,修改货件装箱信息,https://apidoc.lingxing.com/#/docs/FBA/UpdateShipmentPacking
113,FBA,FBA货件（STA）,修改货件实际状态,https://apidoc.lingxing.com/#/docs/FBA/UpdateShipmentActualStatus
114,FBA,FBA货件（STA）,上传货件跟踪号,https://apidoc.lingxing.com/#/docs/FBA/UpdateShipmentTrack
115,FBA,FBA货件（STA）,取消STA任务,https://apidoc.lingxing.com/#/docs/FBA/CancelSTATask
116,FBA,FBA货件（STA）,查询异步任务状态,https://apidoc.lingxing.com/#/docs/FBA/Operate
117,FBA,FBA货件（STA）,获取商品预处理信息,https://apidoc.lingxing.com/#/docs/FBA/GetPrepareDetails
118,FBA,FBA货件（STA）,同步STA任务到ERP,https://apidoc.lingxing.com/#/docs/FBA/SynchronizeSTATask
119,FBA,FBA货件（STA）,同步亚马逊货件到ERP,https://apidoc.lingxing.com/#/docs/FBA/SyncShipment
120,FBA,FBA货件（STA）,查询FBA货件箱子、卡板标签,https://apidoc.lingxing.com/#/docs/FBA/printFbaLabels
121,FBA,FBA货件（STA）,查询FBA货件商品FNSKU标签,https://apidoc.lingxing.com/#/docs/FBA/printFnskuLabels
122,FBA,FBA货件（STA）,查询STA任务列表,https://apidoc.lingxing.com/#/docs/FBA/QuerySTATaskList
123,FBA,FBA货件（STA）,查询STA任务详情,https://apidoc.lingxing.com/#/docs/FBA/StaTaskDetail
124,FBA,FBA货件（STA）,查询STA任务包装组装箱信息,https://apidoc.lingxing.com/#/docs/FBA/QuerySTATaskBoxInformation
125,FBA,FBA货件（STA）,查询货件列表,https://apidoc.lingxing.com/#/docs/FBA/FBAShipmentList
126,FBA,FBA货件（STA）,查询货件详情,https://apidoc.lingxing.com/#/docs/FBA/ShipmentDetailList
127,FBA,FBA货件（STA）,查询货件装箱信息（旧）,https://apidoc.lingxing.com/#/docs/FBA/BoxInfo
128,FBA,FBA货件（STA）,查询FBA商品信息列表（旧）,https://apidoc.lingxing.com/#/docs/FBA/GetFbaProductList
129,FBA,FBA货件（STA）,查询货件装箱信息,https://apidoc.lingxing.com/#/docs/FBA/ListShipmentBoxes
130,FBA,FBA货件（STA）,查询FBA到货接收明细,https://apidoc.lingxing.com/#/docs/FBA/FBAReceivedInventory
131,FBA,FBA货件（STA）,地址簿-发货地址列表,https://apidoc.lingxing.com/#/docs/FBA/ShipFromAddressList
132,FBA,FBA货件（STA）,地址簿-发货地址创建,https://apidoc.lingxing.com/#/docs/FBA/CreateShipFromAddress
133,FBA,FBA货件（STA）,地址簿-发货地址修改,https://apidoc.lingxing.com/#/docs/FBA/UpdateShipFromAddress
134,FBA,FBA货件（STA）,地址簿-配送地址详情,https://apidoc.lingxing.com/#/docs/FBA/ShoppingAddress
135,FBA,FBA货件（STA）,取消AWD入库任务,https://apidoc.lingxing.com/#/docs/Warehouse/awdInboundPlanCancel
136,FBA,FBA货件（STA）,确认AWD入库任务,https://apidoc.lingxing.com/#/docs/Warehouse/awdInboundPlanConfirmInboundPlan
137,FBA,FBA货件（STA）,创建AWD入库任务,https://apidoc.lingxing.com/#/docs/Warehouse/awdInboundPlanCreatePlan
138,FBA,FBA货件（STA）,查询AWD入库任务详情,https://apidoc.lingxing.com/#/docs/Warehouse/awdInboundPlanDetail
139,FBA,FBA货件（STA）,查询AWD入库任务列表,https://apidoc.lingxing.com/#/docs/Warehouse/awdInboundPlanPage
140,FBA,FBA货件（STA）,更新AWD入库任务,https://apidoc.lingxing.com/#/docs/Warehouse/awdInboundPlanUpdateInboundPlan
141,FBA,FBA货件（STA）,查询AWD入库货件详情,https://apidoc.lingxing.com/#/docs/Warehouse/awdInboundShipmentDetail
142,FBA,FBA货件（STA）,查询AWD入库货件列表,https://apidoc.lingxing.com/#/docs/Warehouse/awdInboundShipmentPage
143,FBA,FBA货件（STA）,更新AWD货件跟踪编号,https://apidoc.lingxing.com/#/docs/Warehouse/awdInboundShipmentUpdateShipmentInfo
144,FBA,FBA货件（STA）,打印AWD入库货件箱子标签,https://apidoc.lingxing.com/#/docs/Warehouse/awdInboundShipmentUploadPacking
145,补货建议,,查询补货列表,https://apidoc.lingxing.com/#/docs/FBASug/GetSummaryList
146,补货建议,,查询规则-ASIN,https://apidoc.lingxing.com/#/docs/FBASug/ConfigASIN
147,补货建议,,查询规则-MSKU,https://apidoc.lingxing.com/#/docs/FBASug/ConfigMSKU
148,补货建议,,查询建议信息-ASIN,https://apidoc.lingxing.com/#/docs/FBASug/InfoASIN
149,补货建议,,查询建议信息-MSKU,https://apidoc.lingxing.com/#/docs/FBASug/InfoMSKU
150,补货建议,,单个设置规则-ASIN,https://apidoc.lingxing.com/#/docs/FBASug/SetConfigASIN
151,补货建议,,单个设置规则-MSKU,https://apidoc.lingxing.com/#/docs/FBASug/SetConfigMSKU
152,补货建议,,批量设置规则-ASIN,https://apidoc.lingxing.com/#/docs/FBASug/SetConfigsASIN
153,补货建议,,批量设置规则-MSKU,https://apidoc.lingxing.com/#/docs/FBASug/SetConfigsMSKU
154,补货建议,,查询报表型数据明细-ASIN,https://apidoc.lingxing.com/#/docs/FBASug/SourceListASIN
155,补货建议,,查询报表型数据明细-MSKU,https://apidoc.lingxing.com/#/docs/FBASug/SourceListMSKU
156,补货建议,,查询未来销量预测和库存预测-ASIN,https://apidoc.lingxing.com/#/docs/FBASug/DailySalesInfoFeatureASIN
157,补货建议,,查询未来销量预测和库存预测-MSKU,https://apidoc.lingxing.com/#/docs/FBASug/DailySalesInfoFeatureMSKU
158,补货限制,,查询IPI信息,https://apidoc.lingxing.com/#/docs/FBALimit/GetIpiInfo
159,补货限制,,查询补货限制列表,https://apidoc.lingxing.com/#/docs/FBALimit/replenishmentRestrictionList
160,产品,,创建UPC编码,https://apidoc.lingxing.com/#/docs/Product/AddCommodityCode
161,产品,,查询UPC编码列表,https://apidoc.lingxing.com/#/docs/Product/UpcList
162,产品,,查询本地产品列表,https://apidoc.lingxing.com/#/docs/Product/ProductLists
163,产品,,查询本地产品详情,https://apidoc.lingxing.com/#/docs/Product/ProductDetails
164,产品,,批量查询本地产品详情,https://apidoc.lingxing.com/#/docs/Product/batchGetProductInfo
165,产品,,产品启用、禁用,https://apidoc.lingxing.com/#/docs/Product/productOperateBatch
166,产品,,添加/编辑本地产品,https://apidoc.lingxing.com/#/docs/Product/SetProduct
167,产品,,查询产品属性列表,https://apidoc.lingxing.com/#/docs/Product/attributeList
168,产品,,添加/编辑产品属性,https://apidoc.lingxing.com/#/docs/Product/attributeSet
169,产品,,查询多属性产品列表,https://apidoc.lingxing.com/#/docs/Product/spuList
170,产品,,查询多属性产品详情,https://apidoc.lingxing.com/#/docs/Product/spuInfo
171,产品,,添加/编辑多属性产品,https://apidoc.lingxing.com/#/docs/Product/spuSet
172,产品,,查询捆绑产品关系列表,https://apidoc.lingxing.com/#/docs/Product/bundledProductList
173,产品,,添加/编辑捆绑产品,https://apidoc.lingxing.com/#/docs/Product/SetBundled
174,产品,,查询产品辅料列表,https://apidoc.lingxing.com/#/docs/Product/productAuxList
175,产品,,添加/编辑辅料,https://apidoc.lingxing.com/#/docs/Product/setAux
176,产品,,查询产品品牌列表,https://apidoc.lingxing.com/#/docs/Product/Brand
177,产品,,添加/编辑产品品牌,https://apidoc.lingxing.com/#/docs/Product/SetBrand
178,产品,,查询产品分类列表,https://apidoc.lingxing.com/#/docs/Product/Category
179,产品,,添加/编辑产品分类,https://apidoc.lingxing.com/#/docs/Product/SetCategory
180,产品,,上传本地产品图片,https://apidoc.lingxing.com/#/docs/Product/UploadPictures
181,产品,,查询产品标签,https://apidoc.lingxing.com/#/docs/Product/GetProductTag
182,产品,,创建产品标签,https://apidoc.lingxing.com/#/docs/Product/CreateProductTag
183,产品,,标记产品标签,https://apidoc.lingxing.com/#/docs/Product/SetProductTag
184,产品,,删除产品标签,https://apidoc.lingxing.com/#/docs/Product/DelProductTag
185,产品,,查询操作日志,https://apidoc.lingxing.com/#/docs/Product/GetPagingLogLists
186,产品,,查询透明计划商品列表,https://apidoc.lingxing.com/#/docs/Product/getTransparencyProductList
187,采购,,查询供应商列表,https://apidoc.lingxing.com/#/docs/Purchase/Supplier
188,采购,,添加/修改供应商,https://apidoc.lingxing.com/#/docs/Purchase/SupplierEdit
189,采购,,查询采购方列表,https://apidoc.lingxing.com/#/docs/Purchase/purchaserLists
190,采购,,查询采购计划列表,https://apidoc.lingxing.com/#/docs/Purchase/getPurchasePlans
191,采购,,创建待采购的采购计划,https://apidoc.lingxing.com/#/docs/Purchase/createPurchasePlan
192,采购,,查询采购单列表,https://apidoc.lingxing.com/#/docs/Purchase/PurchaseOrderList
193,采购,,采购单下单,https://apidoc.lingxing.com/#/docs/Purchase/SetOrders
194,采购,,作废采购单,https://apidoc.lingxing.com/#/docs/Purchase/Cancel
195,采购,,创建待到货的采购单,https://apidoc.lingxing.com/#/docs/Purchase/CreatePurchaseOrder
196,采购,,查询采购退货单列表,https://apidoc.lingxing.com/#/docs/Purchase/getPurchaseReturnOrderList
197,采购,,创建已完成的采购退货单,https://apidoc.lingxing.com/#/docs/Purchase/createPurchaseReturnOrder
198,采购,,作废采购/委外退货单,https://apidoc.lingxing.com/#/docs/Purchase/CancelPurchaseReturnOrder
199,采购,,查询采购变更单列表,https://apidoc.lingxing.com/#/docs/Purchase/changeOrderList
200,采购,,创建已完成的采购变更单,https://apidoc.lingxing.com/#/docs/Purchase/createPurchaseChangeOrder
201,采购,,查询委外订单列表,https://apidoc.lingxing.com/#/docs/Purchase/getOrders
202,采购,,添加采购单物流信息,https://apidoc.lingxing.com/#/docs/Purchase/addLogistics
203,采购,,作废采购计划,https://apidoc.lingxing.com/#/docs/Purchase/PurchasePlanCancel
204,采购,,编辑采购单备注,https://apidoc.lingxing.com/#/docs/Purchase/OrderModifyRemark
205,采购,,采购单整单结束到货,https://apidoc.lingxing.com/#/docs/Purchase/setOrderFinish
206,仓库,仓库设置,查询仓库列表,https://apidoc.lingxing.com/#/docs/Warehouse/WarehouseLists
207,仓库,仓库设置,添加/修改仓库,https://apidoc.lingxing.com/#/docs/Warehouse/EditWarehouse
208,仓库,仓库设置,查询本地仓位列表,https://apidoc.lingxing.com/#/docs/Warehouse/warehouseBin
209,仓库,仓库设置,添加仓位,https://apidoc.lingxing.com/#/docs/Warehouse/binCreate
210,仓库,仓库设置,启用、禁用仓位,https://apidoc.lingxing.com/#/docs/Warehouse/switchStatus
211,仓库,仓库设置,海外仓sku配对,https://apidoc.lingxing.com/#/docs/Warehouse/OverseaWarehouseProductMatch
212,仓库,仓库设置,海外sku取消配对,https://apidoc.lingxing.com/#/docs/Warehouse/OverseaWarehouseProductUnMatch
213,仓库,仓库设置,查询产品仓位列表,https://apidoc.lingxing.com/#/docs/Warehouse/getEntryRecommendBinList
214,仓库,库存&amp;流水,查询FBA库存列表,https://apidoc.lingxing.com/#/docs/Warehouse/FBAStock
215,仓库,库存&amp;流水,查询FBA库存列表v2,https://apidoc.lingxing.com/#/docs/Warehouse/FBAStock_v2
216,仓库,库存&amp;流水,查询AWD库存列表,https://apidoc.lingxing.com/#/docs/Warehouse/AwdWarehouseDetail
217,仓库,库存&amp;流水,查询仓库库存明细,https://apidoc.lingxing.com/#/docs/Warehouse/InventoryDetails
218,仓库,库存&amp;流水,查询仓位库存明细,https://apidoc.lingxing.com/#/docs/Warehouse/inventoryBinDetails
219,仓库,库存&amp;流水,查询批次明细,https://apidoc.lingxing.com/#/docs/Warehouse/GetBatchDetailList
220,仓库,库存&amp;流水,查询批次流水,https://apidoc.lingxing.com/#/docs/Warehouse/GetBatchStatementList
221,仓库,库存&amp;流水,查询库存流水（旧）,https://apidoc.lingxing.com/#/docs/Warehouse/WarehouseStatement
222,仓库,库存&amp;流水,查询库存流水（新）,https://apidoc.lingxing.com/#/docs/Warehouse/WarehouseStatementNew
223,仓库,库存&amp;流水,查询仓位流水,https://apidoc.lingxing.com/#/docs/Warehouse/wareHouseBinStatement
224,仓库,收货质检,查询收货单列表,https://apidoc.lingxing.com/#/docs/Warehouse/PurchaseReceiptOrderList
225,仓库,收货质检,创建待收货的收货单,https://apidoc.lingxing.com/#/docs/Warehouse/createReceiptOrder
226,仓库,收货质检,收货单到货,https://apidoc.lingxing.com/#/docs/Warehouse/Receive
227,仓库,收货质检,收货单快捷入库,https://apidoc.lingxing.com/#/docs/Warehouse/FastReceive
228,仓库,收货质检,查询销售退货单列表,https://apidoc.lingxing.com/#/docs/Warehouse/ReturnList
229,仓库,收货质检,查询质检单列表,https://apidoc.lingxing.com/#/docs/Warehouse/ReceiptOrderQcList
230,仓库,收货质检,查询质检单详情,https://apidoc.lingxing.com/#/docs/Warehouse/qualityInspectionOrderDetail
231,仓库,收货质检,待收货退货单快捷入库,https://apidoc.lingxing.com/#/docs/Warehouse/returnOrderFastStorageIn
232,仓库,收货质检,订单退款,https://apidoc.lingxing.com/#/docs/Sale/RefundOrder
233,仓库,出入库,添加入库单,https://apidoc.lingxing.com/#/docs/Warehouse/OrderAdd
234,仓库,出入库,查询入库单列表,https://apidoc.lingxing.com/#/docs/Warehouse/inboundgetOrders
235,仓库,出入库,撤销入库单,https://apidoc.lingxing.com/#/docs/Warehouse/SetInboundOrderRevoke
236,仓库,出入库,添加出库单,https://apidoc.lingxing.com/#/docs/Warehouse/OrderAddOut
237,仓库,出入库,查询出库单列表,https://apidoc.lingxing.com/#/docs/Warehouse/outboundgetOrders
238,仓库,出入库,查询销售出库单详情,https://apidoc.lingxing.com/#/docs/Warehouse/WmsOrderDetail
239,仓库,出入库,撤销出库单,https://apidoc.lingxing.com/#/docs/Warehouse/SetOutboundOrderRevoke
240,仓库,出入库,创建加工单 / 拆分单,https://apidoc.lingxing.com/#/docs/Warehouse/addStorageProcessOrder
241,仓库,出入库,加工单列表,https://apidoc.lingxing.com/#/docs/Warehouse/getProcessOrderLists
242,仓库,出入库,查询调拨单列表,https://apidoc.lingxing.com/#/docs/Warehouse/getStorageAllocationList
243,仓库,出入库,创建待收货/已完成的调拨单,https://apidoc.lingxing.com/#/docs/Warehouse/AddAllocationOrder
244,仓库,出入库,调拨单全部收货,https://apidoc.lingxing.com/#/docs/Warehouse/receiveAllocationOrder
245,仓库,出入库,调拨单分批收货,https://apidoc.lingxing.com/#/docs/Warehouse/partlyReceiveAllocationOrder
246,仓库,出入库,调拨单结束到货,https://apidoc.lingxing.com/#/docs/Warehouse/finishReceiveAllocationOrder
247,仓库,出入库,删除调拨单,https://apidoc.lingxing.com/#/docs/Warehouse/DeleteStorageAllocationList
248,仓库,出入库,撤销调拨单,https://apidoc.lingxing.com/#/docs/Warehouse/CancelStorageAllocationList
249,仓库,出入库,查询调整单列表,https://apidoc.lingxing.com/#/docs/Warehouse/getStorageAdjustOrderList
250,仓库,出入库,创建已完成的数量调整单,https://apidoc.lingxing.com/#/docs/Warehouse/addAdjustmentOrder
251,仓库,出入库,创建已完成的换标调整单,https://apidoc.lingxing.com/#/docs/Warehouse/addRebrandAdjustmentOrder
252,仓库,出入库,创建已完成的SKU调整单,https://apidoc.lingxing.com/#/docs/Warehouse/addSkuAdjustmentOrder
253,仓库,出入库,查询盘点单列表,https://apidoc.lingxing.com/#/docs/Warehouse/checkGetOrderList
254,仓库,出入库,查询盘点单详情,https://apidoc.lingxing.com/#/docs/Warehouse/checkGetOrderDetail
255,仓库,出入库,创建已完成的盘点单,https://apidoc.lingxing.com/#/docs/Warehouse/checkAddOrder
256,仓库,出入库,获取自定义入库类型,https://apidoc.lingxing.com/#/docs/Warehouse/inboundGetCustomTypes
257,仓库,出入库,获取自定义出库类型,https://apidoc.lingxing.com/#/docs/Warehouse/outboundGetCustomTypes
258,仓库,出入库,创建待调拨的调拨单,https://apidoc.lingxing.com/#/docs/Warehouse/submitAllocationOrder
259,仓库,出入库,入库单确认入库,https://apidoc.lingxing.com/#/docs/Warehouse/InboundOrderConfirm
260,仓库,出入库,出库单确认出库,https://apidoc.lingxing.com/#/docs/Warehouse/OutboundOrderConfirm
261,仓库,出入库,调整单确认调整,https://apidoc.lingxing.com/#/docs/Warehouse/AdjustOrderConfirm
262,仓库,出入库,查询调整单确认调整结果,https://apidoc.lingxing.com/#/docs/Warehouse/GetAdjustOrderConfirmResult
263,仓库,出入库,删除出库单,https://apidoc.lingxing.com/#/docs/Warehouse/outboundOrderDelete
264,仓库,出入库,创建已完成的成本补录单,https://apidoc.lingxing.com/#/docs/Warehouse/FinishCostChangeOrder
265,仓库,海外仓,查询海外仓备货单列表,https://apidoc.lingxing.com/#/docs/Warehouse/listInbound
266,仓库,海外仓,查询海外仓备货单详情,https://apidoc.lingxing.com/#/docs/Warehouse/OverSeasStockDetail
267,仓库,海外仓,获取备货单号,https://apidoc.lingxing.com/#/docs/Warehouse/listOrderNos
268,仓库,海外仓,删除备货单,https://apidoc.lingxing.com/#/docs/Warehouse/DeleteOverSeaStockOrder
269,仓库,海外仓,更新备货单,https://apidoc.lingxing.com/#/docs/Warehouse/updateInbound
270,仓库,海外仓,更新备货单物流信息,https://apidoc.lingxing.com/#/docs/Warehouse/UpdateLogistics
271,仓库,海外仓,查询备货单装箱信息,https://apidoc.lingxing.com/#/docs/Warehouse/getPackingData
272,仓库,海外仓,上传备货单装箱信息,https://apidoc.lingxing.com/#/docs/Warehouse/packing
273,仓库,海外仓,查询备货单收货记录,https://apidoc.lingxing.com/#/docs/Warehouse/GetReceiveGoodRecords
274,仓库,海外仓,海外仓备货单发货,https://apidoc.lingxing.com/#/docs/Warehouse/SendInbound
275,仓库,海外仓,备货单分批收货,https://apidoc.lingxing.com/#/docs/Warehouse/inboundBatchesReceipt
276,仓库,海外仓,备货单结束到货,https://apidoc.lingxing.com/#/docs/Warehouse/inboundCompleteReceipt
277,仓库,海外仓,创建待发货/待收货/已完成的备货单,https://apidoc.lingxing.com/#/docs/Warehouse/CreateInbound
278,仓库,海外仓,查询系统产品与第三方海外仓产品映射列表,https://apidoc.lingxing.com/#/docs/Warehouse/matchSkuList
279,仓库,海外仓,查询海外仓sku配对列表,https://apidoc.lingxing.com/#/docs/Warehouse/OverseaWarehouseMatchList
280,仓库,海外仓,获取第三方SKU标签PDF文件,https://apidoc.lingxing.com/#/docs/Warehouse/productLabel
281,仓库,海外仓,获取第三方箱唛,https://apidoc.lingxing.com/#/docs/Warehouse/packageLabel
282,仓库,海外仓,查询移除入库单列表,https://apidoc.lingxing.com/#/docs/Warehouse/removalInboundList
283,仓库,海外仓,备货单分配库存,https://apidoc.lingxing.com/#/docs/Warehouse/overseaStockOrderAllocate
284,仓库,发货,查询销售出库单列表,https://apidoc.lingxing.com/#/docs/Warehouse/WmsOrderList
285,仓库,发货,物流下单 - 编辑运单号/跟踪号,https://apidoc.lingxing.com/#/docs/Warehouse/setTrackingNo
286,仓库,发货,查询销售出库单物流面单,https://apidoc.lingxing.com/#/docs/Warehouse/wmsOrderGetWmsLogisticsLabels
287,仓库,发货,销售出库单截单,https://apidoc.lingxing.com/#/docs/Warehouse/cancelWmsOrder
288,物流,,查询头程物流渠道列表,https://apidoc.lingxing.com/#/docs/Logistics/ChannelList
289,物流,,查询头程物流商列表,https://apidoc.lingxing.com/#/docs/Logistics/QueryHeadLogisticsProvider
290,物流,,批量添加头程物流商,https://apidoc.lingxing.com/#/docs/Logistics/AddProviders
291,物流,,批量添加头程物流方式,https://apidoc.lingxing.com/#/docs/Logistics/AddChannels
292,物流,,查询已启用的自发货物流方式,https://apidoc.lingxing.com/#/docs/Logistics/listUsedLogisticsType
293,物流,,查询运输方式列表,https://apidoc.lingxing.com/#/docs/Logistics/transportMethodList
294,新广告,报告,SP广告活动报表,https://apidoc.lingxing.com/#/docs/newAd/report/spCampaignReports
295,新广告,报告,SP广告位报告,https://apidoc.lingxing.com/#/docs/newAd/report/campaignPlacementReports
296,新广告,报告,SP广告组报表,https://apidoc.lingxing.com/#/docs/newAd/report/spAdGroupReports
297,新广告,报告,SP广告商品报表,https://apidoc.lingxing.com/#/docs/newAd/report/spProductAdReports
298,新广告,报告,SP关键词报表,https://apidoc.lingxing.com/#/docs/newAd/report/spKeywordReports
299,新广告,报告,SP商品定位报表,https://apidoc.lingxing.com/#/docs/newAd/report/spTargetReports
300,新广告,报告,SP已购买商品报表,https://apidoc.lingxing.com/#/docs/newAd/report/asinReports
301,新广告,报告,SP用户搜索词报表,https://apidoc.lingxing.com/#/docs/newAd/report/queryWordReports
302,新广告,报告,SB广告活动报表,https://apidoc.lingxing.com/#/docs/newAd/report/hsaCampaignReports
303,新广告,报告,SB广告活动-广告位报告,https://apidoc.lingxing.com/#/docs/newAd/report/hsaCampaignPlacementReports
304,新广告,报告,SB广告组报表,https://apidoc.lingxing.com/#/docs/newAd/report/hsaAdGroupReports
305,新广告,报告,SB广告的投放报告,https://apidoc.lingxing.com/#/docs/newAd/report/listHsaTargetingReport
306,新广告,报告,SB用户搜索词报表,https://apidoc.lingxing.com/#/docs/newAd/report/hsaQueryWordReports
307,新广告,报告,SB广告归因于广告的购买报告,https://apidoc.lingxing.com/#/docs/newAd/report/hsaPurchasedAsinReports
308,新广告,报告,SB广告创意报告,https://apidoc.lingxing.com/#/docs/newAd/report/listHsaProductAdReport
309,新广告,报告,SB关键词-广告位报告,https://apidoc.lingxing.com/#/docs/newAd/report/listHsaKeywordPlacementReport
310,新广告,报告,SD广告活动报表,https://apidoc.lingxing.com/#/docs/newAd/report/sdCampaignReports
311,新广告,报告,SD广告组报表,https://apidoc.lingxing.com/#/docs/newAd/report/sdAdGroupReports
312,新广告,报告,SD广告商品报表,https://apidoc.lingxing.com/#/docs/newAd/report/sdProductAdReports
313,新广告,报告,SD商品定位报表,https://apidoc.lingxing.com/#/docs/newAd/report/sdTargetReports
314,新广告,报告,SD已购买商品报表,https://apidoc.lingxing.com/#/docs/newAd/report/sdAsinReports
315,新广告,报告,SD匹配的目标报表,https://apidoc.lingxing.com/#/docs/newAd/report/sdMatchTargetReports
316,新广告,报告,SP广告活动小时数据,https://apidoc.lingxing.com/#/docs/newAd/report/spCampaignHourData
317,新广告,报告,SP广告位小时数据,https://apidoc.lingxing.com/#/docs/newAd/report/spAdPlacementHourData
318,新广告,报告,SP广告组小时数据,https://apidoc.lingxing.com/#/docs/newAd/report/spAdGroupHourData
319,新广告,报告,SP广告小时数据,https://apidoc.lingxing.com/#/docs/newAd/report/spAdvertiseHourData
320,新广告,报告,SP投放小时数据,https://apidoc.lingxing.com/#/docs/newAd/report/spTargetHourData
321,新广告,报告,SB广告活动小时数据,https://apidoc.lingxing.com/#/docs/newAd/report/sbCampaignHourData
322,新广告,报告,SB广告组小时数据,https://apidoc.lingxing.com/#/docs/newAd/report/sbAdGroupHourData
323,新广告,报告,SB投放小时数据,https://apidoc.lingxing.com/#/docs/newAd/report/sbTargetHourData
324,新广告,报告,SB广告位小时数据,https://apidoc.lingxing.com/#/docs/newAd/report/sbAdPlacementHourData
325,新广告,报告,SD广告活动小时数据,https://apidoc.lingxing.com/#/docs/newAd/report/sdCampaignHourData
326,新广告,报告,SD广告组小时数据,https://apidoc.lingxing.com/#/docs/newAd/report/sdAdGroupHourData
327,新广告,报告,SD广告小时数据,https://apidoc.lingxing.com/#/docs/newAd/report/sdAdvertiseHourData
328,新广告,报告,SD投放小时数据,https://apidoc.lingxing.com/#/docs/newAd/report/sdTargetHourData
329,新广告,报告,查询DSP报告列表-订单,https://apidoc.lingxing.com/#/docs/newAd/report/dspReportOrderList
330,新广告,报告,出单时段分析-产品,https://apidoc.lingxing.com/#/docs/newAd/report/ProductAnalysisList
331,新广告,报告,SB分摊,https://apidoc.lingxing.com/#/docs/newAd/baseData/newadsbDivideAsinReports
332,新广告,基础数据,广告组合,https://apidoc.lingxing.com/#/docs/newAd/baseData/portfolios
333,新广告,基础数据,SP广告活动,https://apidoc.lingxing.com/#/docs/newAd/baseData/spCampaigns
334,新广告,基础数据,SP广告组,https://apidoc.lingxing.com/#/docs/newAd/baseData/spAdGroups
335,新广告,基础数据,SP广告商品,https://apidoc.lingxing.com/#/docs/newAd/baseData/spProductAds
336,新广告,基础数据,SP关键词,https://apidoc.lingxing.com/#/docs/newAd/baseData/spKeywords
337,新广告,基础数据,SP商品定位,https://apidoc.lingxing.com/#/docs/newAd/baseData/spTargets
338,新广告,基础数据,SP否定投放,https://apidoc.lingxing.com/#/docs/newAd/baseData/spNegativeTargetsOrKeywords
339,新广告,基础数据,SB广告活动,https://apidoc.lingxing.com/#/docs/newAd/baseData/hsaCampaigns
340,新广告,基础数据,SB广告组,https://apidoc.lingxing.com/#/docs/newAd/baseData/hsaAdGroups
341,新广告,基础数据,SB广告的投放,https://apidoc.lingxing.com/#/docs/newAd/baseData/sbTargeting
342,新广告,基础数据,SB广告创意,https://apidoc.lingxing.com/#/docs/newAd/baseData/sbAdHasProductAds
343,新广告,基础数据,SB否定关键词,https://apidoc.lingxing.com/#/docs/newAd/baseData/hsaNegativeKeywords
344,新广告,基础数据,SB否定商品投放,https://apidoc.lingxing.com/#/docs/newAd/baseData/hsaNegativeTargets
345,新广告,基础数据,SD广告活动,https://apidoc.lingxing.com/#/docs/newAd/baseData/sdCampaigns
346,新广告,基础数据,SD广告组,https://apidoc.lingxing.com/#/docs/newAd/baseData/sdAdGroups
347,新广告,基础数据,SD广告商品,https://apidoc.lingxing.com/#/docs/newAd/baseData/sdProductAds
348,新广告,基础数据,SD商品定位,https://apidoc.lingxing.com/#/docs/newAd/baseData/sdTargets
349,新广告,基础数据,SD否定商品定位,https://apidoc.lingxing.com/#/docs/newAd/baseData/sdNegativeTargets
350,新广告,基础数据,查询广告账号列表,https://apidoc.lingxing.com/#/docs/newAd/baseData/dspAccountList
351,新广告,报表下载,ABA搜索词报告-按周维度,https://apidoc.lingxing.com/#/docs/newAd/reportDownload/abaReport
352,新广告,报表下载,操作日志（新）,https://apidoc.lingxing.com/#/docs/newAd/apiLogStandard
353,财务,,查询费用类型列表,https://apidoc.lingxing.com/#/docs/Finance/feeManagementType
354,财务,,查询费用明细列表,https://apidoc.lingxing.com/#/docs/Finance/feeManagementList
355,财务,,创建费用单,https://apidoc.lingxing.com/#/docs/Finance/feeManagementCreate
356,财务,,编辑费用单,https://apidoc.lingxing.com/#/docs/Finance/feeManagementEdit
357,财务,,作废费用单,https://apidoc.lingxing.com/#/docs/Finance/feeManagementDiscard
358,财务,,删除费用单,https://apidoc.lingxing.com/#/docs/Finance/feeManagementDelete
359,财务,,查询利润报表-MSKU,https://apidoc.lingxing.com/#/docs/Finance/bdMSKU
360,财务,,查询利润报表-ASIN,https://apidoc.lingxing.com/#/docs/Finance/bdASIN
361,财务,,查询利润报表-父ASIN,https://apidoc.lingxing.com/#/docs/Finance/bdParentASIN
362,财务,,查询利润报表-SKU,https://apidoc.lingxing.com/#/docs/Finance/bdSKU
363,财务,,查询利润报表-店铺,https://apidoc.lingxing.com/#/docs/Finance/bdSeller
364,财务,,查询利润报表-店铺月度汇总,https://apidoc.lingxing.com/#/docs/Finance/bdSellerSummary
365,财务,,查询利润报表 - 订单维度transaction视图,https://apidoc.lingxing.com/#/docs/Finance/profitReportOrderTranscationList
366,财务,,查询利润报表-订单,https://apidoc.lingxing.com/#/docs/Finance/bdOrder
367,财务,,查询利润报表（旧）-MSKU,https://apidoc.lingxing.com/#/docs/Finance/FianceProfitMsku
368,财务,,查询利润报表（旧）-ASIN（父级）,https://apidoc.lingxing.com/#/docs/Finance/profitAsin
369,财务,,查询利润报表（旧）-ASIN（子级）,https://apidoc.lingxing.com/#/docs/Finance/profitAsinSon
370,财务,,查询利润报表（旧）-结算明细,https://apidoc.lingxing.com/#/docs/Finance/profitSettlement
371,财务,,查询结算中心-结算汇总,https://apidoc.lingxing.com/#/docs/Finance/settlementSummaryList
372,财务,,查询结算中心-交易明细,https://apidoc.lingxing.com/#/docs/Finance/settlementTransactionList
373,财务,,查询库存分类账detail数据,https://apidoc.lingxing.com/#/docs/Finance/centerOdsDetailQuery
374,财务,,查询库存分类账summary数据,https://apidoc.lingxing.com/#/docs/Finance/summaryQuery
375,财务,,查询发货结算报告,https://apidoc.lingxing.com/#/docs/Finance/SettlementReport
376,财务,,查询settlement下载URL,https://apidoc.lingxing.com/#/docs/Finance/SettlementExportUrlGet
377,财务,,查询FBA成本计价流水,https://apidoc.lingxing.com/#/docs/Finance/CostStream
378,财务,,查询广告发票列表,https://apidoc.lingxing.com/#/docs/Finance/InvoiceList
379,财务,,查询广告发票活动列表,https://apidoc.lingxing.com/#/docs/Finance/InvoiceCampaignList
380,财务,,查询广告发票基本信息,https://apidoc.lingxing.com/#/docs/Finance/InvoiceDetail
381,财务,,立即重算-利润报表数据,https://apidoc.lingxing.com/#/docs/Finance/ComputeManual
382,财务,,查询请款单列表,https://apidoc.lingxing.com/#/docs/Finance/RequestFundsOrderList
383,财务,,查询请款池-货款现结,https://apidoc.lingxing.com/#/docs/Finance/requestFundsPoolPurchaseList
384,财务,,查询请款池-货款月结,https://apidoc.lingxing.com/#/docs/Finance/requestFundsPoolInboundList
385,财务,,查询请款池-货款预付款,https://apidoc.lingxing.com/#/docs/Finance/requestFundsPoolPrepayList
386,财务,,查询请款池-物流请款,https://apidoc.lingxing.com/#/docs/Finance/requestFundsPoolLogisticsList
387,财务,,查询请款池-其他应付款,https://apidoc.lingxing.com/#/docs/Finance/requestFundsPoolCustomFeeList
388,财务,,查询请款池-其他费用,https://apidoc.lingxing.com/#/docs/Finance/requestFundsPoolOtherFeeList
389,财务,,应收报告-列表查询,https://apidoc.lingxing.com/#/docs/Finance/receivableReportList
390,财务,,应收报告-详情-列表,https://apidoc.lingxing.com/#/docs/Finance/reportListDetail
391,财务,,应收报告-详情-基础信息,https://apidoc.lingxing.com/#/docs/Finance/reportListDetailInfo
392,客服,,查询邮件列表,https://apidoc.lingxing.com/#/docs/Service/lists
393,客服,,查询邮件详情,https://apidoc.lingxing.com/#/docs/Service/detail
394,客服,,查询评价管理-Review,https://apidoc.lingxing.com/#/docs/Service/review
395,客服,,查询评价管理-Review(新),https://apidoc.lingxing.com/#/docs/Service/reviewV2
396,客服,,查询评价管理-1-3星Feedback列表,https://apidoc.lingxing.com/#/docs/Service/FeedbackListMws
397,客服,,查询评价管理-4-5星Feedback列表,https://apidoc.lingxing.com/#/docs/Service/FeedbackList
398,客服,,查询评价统计-Review列表,https://apidoc.lingxing.com/#/docs/Service/reviewLists
399,客服,,查询评价统计-Review每日新增数,https://apidoc.lingxing.com/#/docs/Service/reviewDetail
400,客服,,查询评价统计-Feedback列表,https://apidoc.lingxing.com/#/docs/Service/feedbackLists
401,客服,,查询评价统计-Feedback每日新增数,https://apidoc.lingxing.com/#/docs/Service/feedbackDetail
402,客服,,查询客户列表（旧）,https://apidoc.lingxing.com/#/docs/Service/CustomerList
403,客服,,查询售后工单列表,https://apidoc.lingxing.com/#/docs/Service/AfterSalesWorkOrderList
404,客服,,查询店铺绩效列表,https://apidoc.lingxing.com/#/docs/Service/storePerformanceList
405,客服,,查询店铺绩效详情,https://apidoc.lingxing.com/#/docs/Service/PerformanceNoticeDetail
406,客服,,查询买家之声列表,https://apidoc.lingxing.com/#/docs/Service/voiceOfBuyerList
407,客服,,查询RMA管理,https://apidoc.lingxing.com/#/docs/Service/customerServiceRmaManageList
408,客服,,查询客户列表（新）,https://apidoc.lingxing.com/#/docs/Service/customerServiceCrmcustomerIndex
409,客服,,查询业绩通知列表,https://apidoc.lingxing.com/#/docs/Service/PerformanceNoticeList
410,工具,,关键词列表,https://apidoc.lingxing.com/#/docs/Tools/GetKeywordList
411,工具,,查询竞品监控列表,https://apidoc.lingxing.com/#/docs/Tools/CompetitiveMonitorList
412,工具,,查询预警消息列表-商品,https://apidoc.lingxing.com/#/docs/Tools/warningMessageGoodsList
413,工具,,查询预警消息列表-库存,https://apidoc.lingxing.com/#/docs/Tools/warningMessageInventoryList
414,统计,,查询销量、订单量、销售额,https://apidoc.lingxing.com/#/docs/Statistics/AsinDailyLists
415,统计,,查询产品表现（旧）,https://apidoc.lingxing.com/#/docs/Statistics/AsinList
416,统计,,查询产品表现,https://apidoc.lingxing.com/#/docs/Statistics/AsinListNew
417,统计,,查询asin360小时数据,https://apidoc.lingxing.com/#/docs/Statistics/performanceTrendByHour
418,统计,,查询退款量（旧）,https://apidoc.lingxing.com/#/docs/Statistics/MonthRefund
419,统计,,查询利润统计（旧）-MSKU,https://apidoc.lingxing.com/#/docs/Statistics/ProfitMsku
420,统计,,查询利润统计-MSKU,https://apidoc.lingxing.com/#/docs/Statistics/statisticsOpenMSKU
421,统计,,查询利润统计-ASIN,https://apidoc.lingxing.com/#/docs/Statistics/statisticsOpenASIN
422,统计,,查询利润统计-父ASIN,https://apidoc.lingxing.com/#/docs/Statistics/statisticsOpenParent
423,统计,,查询利润统计-店铺,https://apidoc.lingxing.com/#/docs/Statistics/statisticsOpenSeller
424,统计,,查询FBA长期仓储费,https://apidoc.lingxing.com/#/docs/Statistics/FBAStorageFeeLongTerm
425,统计,,查询FBA月仓储费,https://apidoc.lingxing.com/#/docs/Statistics/FBAStorageFeeMonth
426,统计,,查询店铺汇总销量,https://apidoc.lingxing.com/#/docs/Statistics/StoreSales
427,统计,,查询订单利润-MSKU,https://apidoc.lingxing.com/#/docs/Finance/OrderProfitListMSKU
428,统计,,库存报表-本地仓-新报表-汇总,https://apidoc.lingxing.com/#/docs/Statistics/LocalAggregateListNew
429,统计,,库存报表-本地仓-新报表-明细,https://apidoc.lingxing.com/#/docs/Statistics/LocalDetailListNew
430,统计,,库存报表-本地仓-历史报表-汇总,https://apidoc.lingxing.com/#/docs/Statistics/LocalAggregateList
431,统计,,库存报表-本地仓-历史报表-明细,https://apidoc.lingxing.com/#/docs/Statistics/LocalDetailList
432,统计,,库存报表-海外仓-新报表-汇总,https://apidoc.lingxing.com/#/docs/Statistics/OverseasAggregateListNew
433,统计,,库存报表-海外仓-新报表-明细,https://apidoc.lingxing.com/#/docs/Statistics/OverseasDetailListNew
434,统计,,库存报表-海外仓-历史报表-汇总,https://apidoc.lingxing.com/#/docs/Statistics/OverseasAggregateList
435,统计,,库存报表-海外仓-历史报表-明细,https://apidoc.lingxing.com/#/docs/Statistics/OverseasDetailList
436,统计,,库存报表-FBA-新版-汇总,https://apidoc.lingxing.com/#/docs/Statistics/FbaStockAggregateListNew
437,统计,,库存报表-FBA-新版-明细,https://apidoc.lingxing.com/#/docs/Statistics/FbaStockDetailListNew
438,统计,,库存报表-FBA-历史报表-汇总-明细,https://apidoc.lingxing.com/#/docs/Statistics/FbaStockReportList
439,统计,,创建移除订单,https://apidoc.lingxing.com/#/docs/Statistics/CreateRemovalOrder
440,统计,,查询亚马逊赔偿报告列表,https://apidoc.lingxing.com/#/docs/Statistics/ReimbursementList
441,统计,,查询采购报表列表-产品,https://apidoc.lingxing.com/#/docs/Statistics/PurchaseReportProductList
442,统计,,查询采购报表列表-供应商,https://apidoc.lingxing.com/#/docs/Statistics/PurchaseReportSupplierList
443,统计,,查询采购报表列表-采购员,https://apidoc.lingxing.com/#/docs/Statistics/PurchaseReportBuyerList
444,统计,,查询运营日志,https://apidoc.lingxing.com/#/docs/Statistics/operateLogList
445,统计,,查询运营日志(新),https://apidoc.lingxing.com/#/docs/Statistics/operateLogV2List
446,目标管理,,店铺维度-批量查询目标,https://apidoc.lingxing.com/#/docs/TargetManage/StoreBatchSelect
447,目标管理,,店铺维度-批量新增/更新目标,https://apidoc.lingxing.com/#/docs/TargetManage/StoreBatchOperate
448,目标管理,,店铺维度-批量删除目标,https://apidoc.lingxing.com/#/docs/TargetManage/StoreBatchDelete
449,目标管理,,组织维度-批量查询目标,https://apidoc.lingxing.com/#/docs/TargetManage/UserBatchSelect
450,目标管理,,组织维度-批量新增/更新目标,https://apidoc.lingxing.com/#/docs/TargetManage/UserBatchOperate
451,目标管理,,组织维度-批量删除目标,https://apidoc.lingxing.com/#/docs/TargetManage/UserBatchDelete
452,多平台,,查询多平台店铺信息,https://apidoc.lingxing.com/#/docs/MultiPlatform/V2/StoreInfoV2
453,多平台,,查询订单管理订单列表,https://apidoc.lingxing.com/#/docs/MultiPlatform/V2/MultiPlatOrderV2
454,多平台,,查询多平台配对列表,https://apidoc.lingxing.com/#/docs/MultiPlatform/V2/PairListV2
455,多平台,,批量添加/编辑多平台配对关系,https://apidoc.lingxing.com/#/docs/MultiPlatform/V2/pairMultiPlatformV2
456,多平台,,预发货,https://apidoc.lingxing.com/#/docs/MultiPlatform/PreShipment
457,多平台,,审核发货,https://apidoc.lingxing.com/#/docs/MultiPlatform/BatchReview
458,多平台,,创建订单,https://apidoc.lingxing.com/#/docs/MultiPlatform/V2/CreateOrdersV2
459,多平台,,合并订单,https://apidoc.lingxing.com/#/docs/MultiPlatform/V2/MergeOrder
460,多平台,,拆分订单,https://apidoc.lingxing.com/#/docs/MultiPlatform/V2/SplitOrder
461,多平台,,标记订单不发货,https://apidoc.lingxing.com/#/docs/MultiPlatform/V2/CancelOrder
462,多平台,,订单发货,https://apidoc.lingxing.com/#/docs/MultiPlatform/V2/selfShipmentOrderDeliveryGoods
463,多平台,,订单称重,https://apidoc.lingxing.com/#/docs/MultiPlatform/V2/setOrderWeighed
464,多平台,,编辑订单（新版）,https://apidoc.lingxing.com/#/docs/MultiPlatform/V2/EditOrderV2
465,多平台,,编辑/更新自发货订单,https://apidoc.lingxing.com/#/docs/MultiPlatform/V2/UpdateOrderV2
466,多平台,,更新订单客服备注,https://apidoc.lingxing.com/#/docs/MultiPlatform/V2/mpOrderUpdateV2
467,多平台,,快速出库,https://apidoc.lingxing.com/#/docs/MultiPlatform/V2/FastOutboundV2
468,多平台,,获取快速出库结果,https://apidoc.lingxing.com/#/docs/MultiPlatform/V2/GetFastOutboundResultV2
469,多平台,,查询销量统计列表(将于04.30下线),https://apidoc.lingxing.com/#/docs/MultiPlatform/platformStatisticsSaleStatPageList
470,多平台,,查询销量统计列表V2,https://apidoc.lingxing.com/#/docs/Statistics/PlatformStatisticsSaleStatPageListV2
471,多平台,,查询可用报告列表 - Walmart Payment,https://apidoc.lingxing.com/#/docs/MultiPlatform/V2/WalmartPaymentQueryReport
472,多平台,,查询报告详情 - Walmart Payment,https://apidoc.lingxing.com/#/docs/MultiPlatform/V2/WalmartPaymentQueryPage
473,多平台,,查询平台仓发货单列表,https://apidoc.lingxing.com/#/docs/MultiPlatform/V2/QueryShippingListPage
474,多平台,,查询平台仓发货单列表v2,https://apidoc.lingxing.com/#/docs/MultiPlatform/V2/QueryShippingListV2
475,多平台,,修改平台仓发货单备注,https://apidoc.lingxing.com/#/docs/MultiPlatform/V2/ModifyPlatformRemark
476,多平台,,查询WFS货件列表,https://apidoc.lingxing.com/#/docs/MultiPlatform/V2/QueryWFSCargoPage
477,多平台,,查询WFS库存列表,https://apidoc.lingxing.com/#/docs/MultiPlatform/V2/QueryWFSInventionPage
478,多平台,,查询Temu库存,https://apidoc.lingxing.com/#/docs/MultiPlatform/V2/FbtStockSearch
479,多平台,,查询Temu货件,https://apidoc.lingxing.com/#/docs/MultiPlatform/V2/TemuCargo
480,多平台,,查询FULL库存,https://apidoc.lingxing.com/#/docs/MultiPlatform/V2/FullList
481,多平台,,查询退件地址列表,https://apidoc.lingxing.com/#/docs/MultiPlatform/V2/addressReturnAddressList
482,多平台,,查询WFS货件可添加商品列表,https://apidoc.lingxing.com/#/docs/MultiPlatform/V2/addCargoGoodsList
483,多平台,,WFS货件暂存,https://apidoc.lingxing.com/#/docs/MultiPlatform/V2/multiplatformCargoStorage
484,多平台,,删除暂存货件,https://apidoc.lingxing.com/#/docs/MultiPlatform/V2/DeleteCargoStorage
485,多平台,,查询利润报表-MSKU(旧版，将于04.30下线),https://apidoc.lingxing.com/#/docs/MultiPlatform/V2/profitReportPageListMsku
486,多平台,,查询利润报表-SKU(旧版，将于04.30下线),https://apidoc.lingxing.com/#/docs/MultiPlatform/V2/profitReportPageListSku
487,多平台,,查询利润报表-店铺(旧版，将于04.30下线),https://apidoc.lingxing.com/#/docs/MultiPlatform/V2/profitReportPageListStore
488,多平台,,查询利润报表-订单(旧版，将于04.30下线),https://apidoc.lingxing.com/#/docs/MultiPlatform/V2/profitReportPageListOrder
489,多平台,,查询结算利润（利润报表）-msku,https://apidoc.lingxing.com/#/docs/MultiPlatform/V2/profitReportMsku
490,多平台,,查询结算利润（利润报表）-sku,https://apidoc.lingxing.com/#/docs/MultiPlatform/V2/profitReportSku
491,多平台,,查询结算利润（利润报表）-店铺,https://apidoc.lingxing.com/#/docs/MultiPlatform/V2/profitReportSeller
492,多平台,,查询结算利润（利润报表）-订单,https://apidoc.lingxing.com/#/docs/MultiPlatform/V2/profitReportOrder
493,多平台,,查询Shopify在线商品-子体数据,https://apidoc.lingxing.com/#/docs/MultiPlatform/V2/ShopifyVariantList
494,多平台,,查询Shein在线商品,https://apidoc.lingxing.com/#/docs/MultiPlatform/V2/SheinList
495,多平台,,查询TikTok在线商品,https://apidoc.lingxing.com/#/docs/MultiPlatform/V2/TikTokList
496,多平台,,查询Temu在线商品,https://apidoc.lingxing.com/#/docs/MultiPlatform/V2/TemuList
497,多平台,,查询Line在线商品,https://apidoc.lingxing.com/#/docs/MultiPlatform/V2/LineList
498,多平台,,查询eBay在线商品列表,https://apidoc.lingxing.com/#/docs/MultiPlatform/V2/eBayList
499,多平台,,查询Walmart在线商品列表,https://apidoc.lingxing.com/#/docs/MultiPlatform/V2/walmartList
500,多平台,,查询AliExpress在线商品列表 - 自运营,https://apidoc.lingxing.com/#/docs/MultiPlatform/V2/aliexpressList
501,多平台,,查询AliExpress在线商品列表 - 托管模式,https://apidoc.lingxing.com/#/docs/MultiPlatform/V2/AliexpressListV2
502,多平台,,批量TEMU地址解密,https://apidoc.lingxing.com/#/docs/MultiPlatform/V2/BatchTemuAddressDecrypt
503,多平台,,平台仓发货单分配库存,https://apidoc.lingxing.com/#/docs/MultiPlatform/V2/shippingOrderAllocate
504,多平台,,平台仓发货单拣货,https://apidoc.lingxing.com/#/docs/MultiPlatform/V2/shippingOrderPicking
505,多平台,,平台仓发货单发货,https://apidoc.lingxing.com/#/docs/MultiPlatform/V2/shippingOrderDelivery
506,多平台,,查询Walmart Review列表,https://apidoc.lingxing.com/#/docs/MultiPlatform/WalmartCommentList
507,多平台,,查询平台订单列表,https://apidoc.lingxing.com/#/docs/MultiPlatform/V2/newPlatformOrderList
508,VC,,查询VC店铺列表,https://apidoc.lingxing.com/#/docs/VC/platformAuthVcSellerPageList
509,VC,,查询VC-Listing列表,https://apidoc.lingxing.com/#/docs/VC/listingManageVcListingPageList
510,VC,,查询VC订单列表,https://apidoc.lingxing.com/#/docs/VC/vcOrderPageList
511,VC,,查询VC订单详情【PO】,https://apidoc.lingxing.com/#/docs/VC/vcOrderPoDetail
512,VC,,查询VC订单详情【DF】,https://apidoc.lingxing.com/#/docs/VC/vcOrderDfDetail
513,VC,,VC订单-确认发货【DF】,https://apidoc.lingxing.com/#/docs/VC/vcOrderDfConfirmShipment
514,VC,,VC订单-请求标签【DF】,https://apidoc.lingxing.com/#/docs/VC/vcOrderDfSubmitShippingLabel
515,VC,,VC订单-打印标签【DF】,https://apidoc.lingxing.com/#/docs/VC/vcOrderDfGetShippingLabel
516,VC,,配对/批量配对,https://apidoc.lingxing.com/#/docs/Sale/productRelationbatchLink
517,VC,,查询VC发货单列表,https://apidoc.lingxing.com/#/docs/VC/vcDeliverPageList
518,VC,,查询VC发货单详情,https://apidoc.lingxing.com/#/docs/VC/vcDeliverDetail
519,亚马逊源表数据,,查询亚马逊源报表-所有订单,https://apidoc.lingxing.com/#/docs/SourceData/AllOrders
520,亚马逊源表数据,,查询亚马逊源报表-FBA订单,https://apidoc.lingxing.com/#/docs/SourceData/FbaOrders
521,亚马逊源表数据,,查询亚马逊源报表-FBA换货订单,https://apidoc.lingxing.com/#/docs/SourceData/fbaExchangeOrderList
522,亚马逊源表数据,,查询亚马逊源报表-FBA退货订单,https://apidoc.lingxing.com/#/docs/SourceData/RefundOrders
523,亚马逊源表数据,,查询亚马逊源报表-FBM退货订单,https://apidoc.lingxing.com/#/docs/SourceData/fbmReturnOrderList
524,亚马逊源表数据,,查询亚马逊源报表-移除订单（新）,https://apidoc.lingxing.com/#/docs/SourceData/RemovalOrderListNew
525,亚马逊源表数据,,查询亚马逊源报表-移除订单（旧）,https://apidoc.lingxing.com/#/docs/SourceData/SourceRemovalOrders
526,亚马逊源表数据,,查询亚马逊源报表-移除货件（新）,https://apidoc.lingxing.com/#/docs/SourceData/RemovalShipmentList
527,亚马逊源表数据,,查询亚马逊源报表-移除货件（旧）,https://apidoc.lingxing.com/#/docs/SourceData/RemovalLists
528,亚马逊源表数据,,查询亚马逊源报表-FBA库存,https://apidoc.lingxing.com/#/docs/SourceData/ManageInventory
529,亚马逊源表数据,,查询亚马逊源报表-每日库存,https://apidoc.lingxing.com/#/docs/SourceData/DailyInventory
530,亚马逊源表数据,,查询亚马逊源报表-FBA可售库存,https://apidoc.lingxing.com/#/docs/SourceData/AfnFulfillableQuantity
531,亚马逊源表数据,,查询亚马逊源报表-预留库存,https://apidoc.lingxing.com/#/docs/SourceData/ReservedInventory
532,亚马逊源表数据,,查询亚马逊源报表-库龄表,https://apidoc.lingxing.com/#/docs/SourceData/getFbaAgeList
533,亚马逊源表数据,,查询亚马逊源报表-交易明细,https://apidoc.lingxing.com/#/docs/SourceData/Transaction
534,亚马逊源表数据,,查询亚马逊源报表-Amazon Fulfilled Shipments,https://apidoc.lingxing.com/#/docs/SourceData/getAmazonFulfilledShipmentsList
535,亚马逊源表数据,,查询亚马逊源报表-Amazon Fulfilled Shipments V1,https://apidoc.lingxing.com/#/docs/SourceData/v1getAmazonFulfilledShipmentsList
536,亚马逊源表数据,,查询亚马逊源报表-Inventory Event Detail,https://apidoc.lingxing.com/#/docs/SourceData/getFbaInventoryEventDetailList
537,亚马逊源表数据,,查询亚马逊源报表-Inventory Event Detail V1,https://apidoc.lingxing.com/#/docs/SourceData/v1getFbaInventoryEventDetailList
538,亚马逊源表数据,,查询亚马逊源报表- 盘存记录,https://apidoc.lingxing.com/#/docs/SourceData/AdjustmentList
539,亚马逊源表数据,,报告导出-创建导出任务,https://apidoc.lingxing.com/#/docs/Statistics/reportCreateReportExportTask
540,亚马逊源表数据,,报告导出-查询导出任务结果,https://apidoc.lingxing.com/#/docs/Statistics/reportQueryReportExportTask
541,亚马逊源表数据,,报告导出-报告下载链接续期,https://apidoc.lingxing.com/#/docs/Statistics/AmazonReportExportTask
